message_id,message,positive_or_negative
1,A perception of favoritism is affecting team morale.,negative
2,"Meetings have become unproductive and lengthy, affecting our focus.",negative
3,Your clear vision and strategic thinking have been instrumental in our accomplishments.,positive
4,Your strategic planning and problem-solving abilities have guided us through challenges.,positive
5,Your enthusiasm and dedication are contagious. You bring out the best in our team.,positive
6,Your enthusiasm and dedication are contagious. You bring out the best in our team.,positive
7,Your collaborative approach fosters unity within the team.,positive
8,Your strategic planning and problem-solving abilities have guided us through challenges.,positive
9,Inconsistent decision-making has created uncertainty within the team.,negative
10,Your collaborative approach fosters unity within the team.,positive
11,Your dedication to our goals is inspiring and drives us to excel.,positive
12,Your mentorship has been a driving force behind my growth.,positive
13,Your clear vision and strategic thinking have been instrumental in our accomplishments.,positive
14,Your enthusiasm is contagious and motivates us to excel.,positive
15,Your strategic planning and problem-solving abilities have guided us through challenges.,positive
16,Your approachability makes it easy for us to seek guidance and support.,positive
17,Your dedication to our company's mission inspires all of us.,positive
18,Your innovative ideas have driven our projects to success.,positive
19,Your strategic thinking is the driving force behind our accomplishments.,positive
20,Your problem-solving skills have been essential in resolving complex challenges.,positive
21,Your strategic planning and problem-solving abilities have guided us through challenges.,positive
22,Team members have expressed concerns about inconsistent decision-making.,negative
23,There is a lack of clear career development paths within the team.,negative
24,Your strategic thinking is the driving force behind our accomplishments.,positive
25,Your enthusiasm and dedication are contagious. You bring out the best in our team.,positive
26,Inconsistent workload distribution is causing frustration within the team.,negative
27,Your dedication to excellence sets the standard for our team.,positive
28,Your mentorship has been a significant factor in my professional development.,positive
29,Team members have expressed concerns about a lack of opportunities for professional growth.,negative
30,Your mentorship has been invaluable for my personal and professional development.,positive
31,Inconsistent decision-making has created uncertainty within the team.,negative
32,Your mentorship has been invaluable for my personal and professional development.,positive
33,"Some team members feel their efforts are not acknowledged, affecting morale.",negative
34,Timely feedback on projects is crucial; we need it to make necessary adjustments.,negative
35,Your dedication to excellence sets the standard for our team.,positive
36,Your transparency in decision-making builds trust and confidence.,positive
37,A lack of timely feedback hampers our ability to make necessary adjustments.,negative
38,Your mentorship has been a significant factor in my professional development.,positive
39,Team members have expressed concerns about inconsistent decision-making.,negative
40,A perception of favoritism within the team is affecting fairness.,negative
41,Your dedication to excellence sets the standard for our team.,positive
42,Your dedication to excellence sets the standard for our team.,positive
43,"meetings have become unproductive and lengthy, affecting our focus.",negative
44,"Your guidance is like a compass, leading us toward our goals.",positive
45,"Team meetings have become lengthy and unproductive, affecting our productivity.",negative
46,Your vision and strategic thinking have been instrumental in our accomplishments.,positive
47,Your approachability makes it easy for us to seek guidance and support.,positive
48,Your guidance has enabled me to grow both personally and professionally. Thank you.,positive
49,Your transparency in decision-making has built trust within the team.,positive
50,Thank you for your constant support and encouragement. You make our work environment a better place.,positive
51,Your dedication to our team's success is truly inspiring. Your leadership is invaluable.,positive
52,Communication challenges need to be addressed to prevent misunderstandings.,negative
53,Inconsistent workload distribution is causing frustration among team members.,negative
54,A perception of favoritism within the team is affecting fairness.,negative
55,Your guidance and support have been invaluable to our team's success.,positive
56,Your transparency in decision-making builds trust and confidence.,positive
57,"The workload distribution appears uneven, causing frustration among some team members.",negative
58,Inconsistent decision-making has created uncertainty within the team.,negative
59,Your leadership has created an environment where everyone's contributions are valued.,positive
60,Your dedication to our team's success is truly inspiring. Your leadership is invaluable.,positive
61,Team members have expressed concerns about a lack of opportunities for professional growth.,negative
62,The lack of opportunities for professional growth is a concern for some team members.,negative
63,Your clear vision and strategic thinking have been instrumental in our accomplishments.,positive
64,"Meetings have become unproductive and lengthy, affecting our focus.",negative
65,The lack of opportunities for professional growth is a concern for some team members.,negative
66,Your mentorship has been a driving force behind my growth.,positive
67,The lack of opportunities for professional growth is a concern for some team members.,negative
68,Your dedication to our company's mission inspires all of us.,positive
69,Your transparency in decision-making has built trust within the team.,positive
70,Your enthusiasm and dedication are contagious. You bring out the best in our team.,positive
71,Timely feedback is critical for our ability to make necessary adjustments.,negative
72,"Feedback and guidance are sometimes vague, creating confusion.",negative
73,Team members have expressed concerns about a lack of opportunities for professional growth.,negative
74,"Some team members feel their efforts are not acknowledged, affecting morale.",negative
75,Your clear vision and strategic thinking have been instrumental in our accomplishments.,positive
76,Inconsistent decision-making has created uncertainty within the team.,negative
77,Your guidance and support have been invaluable to our team's success.,positive
78,Team members have expressed concerns about a lack of opportunities for professional growth.,negative
79,Your open-door policy fosters a culture of trust and collaboration.,positive
80,Your strategic planning and problem-solving abilities have guided us through challenges.,positive
81,A perception of favoritism is affecting team morale.,negative
82,"Your guidance is like a compass, leading us toward our goals.",positive
83,Your dedication to excellence sets the standard for our team.,positive
84,Your dedication to excellence sets the standard for our team.,positive
85,Communication challenges are leading to misunderstandings within the team.,negative
86,A perception of favoritism is affecting team morale.,negative
87,Your open-door policy encourages us to seek your guidance.,positive
88,"Feedback and guidance are sometimes vague, creating confusion.",negative
89,"Team meetings have become lengthy and unproductive, affecting our productivity.",negative
90,"Your guidance is like a compass, leading us toward our goals.",positive
91,The team's communication needs improvement to avoid misunderstandings.,negative
92,Timely feedback is critical for our ability to make necessary adjustments.,negative
93,Your strategic planning and problem-solving abilities have guided us through challenges.,positive
94,Your guidance and support have been invaluable to our team's success.,positive
95,Team members have expressed concerns about inconsistent decision-making.,negative
96,Your transparency in decision-making has built trust within the team.,positive
97,Your strategic planning and problem-solving abilities have guided us through challenges.,positive
98,Your mentorship has been invaluable for my personal and professional development.,positive
99,Your innovative ideas have driven our projects to success.,positive
100,Your vision and strategic thinking have been instrumental in our accomplishments.,positive
